Store,Today,Star Reviews,Date,Text,Address
全聯福利中心Pxmart 內湖明湖,2021-01-26,3 ,4 天前,,11483台北市內湖區民權東路六段296巷113、115號B1
全聯福利中心Pxmart 內湖明湖,2021-01-26,3 ,1 週前,場地較小，品項好像也較少。,11483台北市內湖區民權東路六段296巷113、115號B1
全聯福利中心Pxmart 內湖明湖,2021-01-26,4 ,2 週前,,11483台北市內湖區民權東路六段296巷113、115號B1
全聯福利中心Pxmart 內湖明湖,2021-01-26,3 ,3 週前,,11483台北市內湖區民權東路六段296巷113、115號B1
全聯福利中心Pxmart 內湖明湖,2021-01-26,4 ,4 週前,,11483台北市內湖區民權東路六段296巷113、115號B1
全聯福利中心Pxmart 內湖明湖,2021-01-26,5 ,1 個月前,,11483台北市內湖區民權東路六段296巷113、115號B1
全聯福利中心Pxmart 內湖明湖,2021-01-26,5 ,1 個月前,,11483台北市內湖區民權東路六段296巷113、115號B1
全聯福利中心Pxmart 內湖明湖,2021-01-26,5 ,1 個月前,,11483台北市內湖區民權東路六段296巷113、115號B1
全聯福利中心Pxmart 內湖明湖,2021-01-26,4 ,2 個月前,尚未有咖啡機,11483台北市內湖區民權東路六段296巷113、115號B1
全聯福利中心Pxmart 內湖明湖,2021-01-26,1 ,2 個月前,,11483台北市內湖區民權東路六段296巷113、115號B1
